City_Airport,Country,Code
"Iguazu, Cataratas",Argentina,IGR
Jujuy - El Cadillal Airport,Argentina,JUJ
Mar del Plata,Argentina,MDQ
Mendoza,Argentina,MDZ
Rosario,Argentina,ROS
"Salta, Gen Belgrano",Argentina,SLA
San Carlos de Bariloche,Argentina,BRC
Santa Rosa,Argentina,RSA
"Eriwan (Yerevan, Jerevan)",Armenia,EVN
"Aruba - Reina Beatrix International, Oranjestad",Aruba,AUA
Adelaide,Australia,ADL
Albury,Australia,ABX
Alice Springs,Australia,ASP
Ayers Rock - Connellan,Australia,AYQ
Ballina,Australia,BNK
Bamaga,Australia,ABM
Blackwater,Australia,BLT
Bowen,Australia,ZBO
Brampton Island,Australia,BMP
Brisbane,Australia,BNE
Broken Hill,Australia,BHQ
Broome,Australia,BME
Bundaberg,Australia,BDB
Burnie (Wynyard),Australia,BWT
Cairns,Australia,CNS
Canberra - Canberra Airport,Australia,CBR
Carnarvon,Australia,CVQ
Casino,Australia,CSI
Ceduna,Australia,CED
Cessnock,Australia,CES
Charters Towers,Australia,CXT
Clermont,Australia,CMQ
Coffs Harbour,Australia,CFS
Collinsville,Australia,KCE
Coober Pedy,Australia,CPD
Cooktown,Australia,CTN
Cooma,Australia,OOM
Dalby,Australia,DBY
Darwin,Australia,DRW
Daydream Island,Australia,DDI
Derby,Australia,DRB
Devonport,Australia,DPO
Dubbo,Australia,DBO
Dunk Island,Australia,DKI
Dysart,Australia,DYA
Emerald,Australia,EDR
Emerald,Australia,EMD
Esperance,Australia,EPR
Geelong,Australia,GEX
Geraldton,Australia,GET
Gladstone,Australia,GLT
Gold Coast,Australia,OOL
Goondiwindi,Australia,GOO
Gove (Nhulunbuy),Australia,GOV
Great Keppel Island,Australia,GKL
Griffith,Australia,GFF
Groote Eylandt - Alyangula,Australia,GTE
Gympie,Australia,GYP
Hamilton,Australia,HLT
Hamilton Island,Australia,HTI
Hayman Island,Australia,HIS
Hervey Bay,Australia,HVB
Hinchinbrook Island,Australia,HNK
Hobart,Australia,HBA
Home Hill,Australia,HMH
Ingham,Australia,IGH
Innisfail,Australia,IFL
Jandakot,Australia,JAD
Julia Creek,Australia,JCK
Jundah,Australia,JUN
Kalgoorlie,Australia,KGI
Karratha,Australia,KTA
Karumba,Australia,KRB
Katherine,Australia,KTR
Kingscote,Australia,KGC
Kowanyama,Australia,KWM
Kununurra,Australia,KNX
Launceston,Australia,LST
Laverton,Australia,LVO
Learmouth (Exmouth),Australia,LEA
Leinster,Australia,LER
Leonora,Australia,LNO
Lindeman Island,Australia,LDC
Lismore,Australia,LSY
Lizard Island,Australia,LZR
Lockhart River,Australia,IRG
Longreach,Australia,LRE
Mackay,Australia,MKY
Maitland,Australia,MTL
Maryborough,Australia,MBH
Meekatharra,Australia,MKR
Melbourne - Tullamarine,Australia,MEL
Merimbula,Australia,MIM
Middlemount,Australia,MMM
Mildura,Australia,MQL
Moranbah,Australia,MOV
Moree,Australia,MRZ
Moruya,Australia,MYA
Mount Gambier,Australia,MGB
Mount Magnet,Australia,MMG
Mt. Isa,Australia,ISA
Narrabri,Australia,NAA
Narrandera,Australia,NRA
Newcastle - Belmont,Australia,BEO
Newcastle - Williamtown,Australia,NTL
Newman,Australia,ZNE
Noosa,Australia,NSA
Norfolk Island,Australia,NLK
Olympic Dam,Australia,OLP
Orange,Australia,OAG
Orpheus Island,Australia,ORS
Paraburdoo,Australia,PBO
Perth International,Australia,PER
Port Augusta,Australia,PUG
Port Hedland,Australia,PHE
Portland,Australia,PTJ
Port Lincoln,Australia,PLO
Port Macquarie,Australia,PQQ
Prosperpine,Australia,PPP
Queenstown,Australia,UEE
Rockhampton,Australia,ROK
Scone,Australia,NSO
Shute Harbour,Australia,JHQ
Singleton,Australia,SIX
South Molle Island,Australia,SOI
Streaky Bay,Australia,KBY
Sunshine Coast,Australia,MCY
Sydney,Australia,SYD
Tamworth,Australia,TMW
Taree,Australia,TRO
Temora,Australia,TEM
Tennant Creek,Australia,TCA
Thursday Island,Australia,TIS
Tom Price,Australia,TPR
Toowoomba,Australia,TWB
Townsville,Australia,TSV
Wagga,Australia,WGA
Warrnambool,Australia,WMB
Weipa,Australia,WEI
Whitsunday Resort,Australia,HAP
Whyalla,Australia,WYA
Wickham,Australia,WHM
Wiluna,Australia,WUN
Wollongong,Australia,WOL
Woomera,Australia,UMR
Wyndham,Australia,WYN
Graz,Austria,GRZ
Innsbruck - Kranebitten,Austria,INN
Klagenfurt,Austria,KLU
Linz - Hoersching,Austria,LNZ
Salzburg - W.A. Mozart,Austria,SZG
Wien (Vienna) - Vienna International,Austria,VIE
Baku - Heydar Aliyev International Airport,Azerbaijan,BAK
Nakhichevan,Azerbaijan,NAJ
Chub Cay,Bahamas,CCZ
Freeport - Grand Bahama International Airport,Bahamas,FPO
Govenors Harbour,Bahamas,GHB
Grand Bahama International,Bahamas,FPO
Marsh Harbour,Bahamas,MHH
Nassau,Bahamas,NAS
North Eleuthera,Bahamas,ELH
Rock Sound,Bahamas,RSD
San Salvador,Bahamas,ZSA
Treasure Cay,Bahamas,TCB
Bahrain - Bahrain International Airport,Bahrain,BAH
Barisal,Bangladesh,BZL
Chittagong,Bangladesh,CGP
Dhaka - Zia International Airport,Bangladesh,DAC
Jessore - Jessore Airport,Bangladesh,JSR
Sylhet,Bangladesh,ZYL
Bridgetown - Grantley Adams International,Barbados,BGI
"Minsk, International",Belarus,MSQ
Antwerp,Belgium,ANR
Brussels - Brussels Airport,Belgium,BRU
Ghent (Gent),Belgium,GNE
Liege,Belgium,LGG
Belize City - Philip S.W.Goldson International,Belize,BZE
Cotonou - Cotonou Cadjehoun Airport,Benin,COO
Bermuda - L.F. Wade International Airport,Bermuda,BDA
Paro,Bhutan,PBH
Cochabamba,Bolivia,CBB
La Paz - El Alto,Bolivia,LPB
Santa Cruz de la Sierra,Bolivia,SRZ
Santa Rosa,Bolivia,SRB
Mostar,Bosnia and Herzegovina,OMO
Sarajevo,Bosnia and Herzegovina,SJJ
Francistown,Botswana,FRW
Gaborone - Sir Seretse Khama International Airport,Botswana,GBE
Jwaneng,Botswana,JWA
Maun,Botswana,MUB
Selibi Phikwe,Botswana,PKW
Aracaju,Brazil,AJU
Belem - Val de Cans International Airport,Brazil,BEL
Belo Horizonte - Tancredo Neves International Airport,Brazil,CNF
Boa Vista,Brazil,BVB
Brasilia - President Juscelino Kubitschek International,Brazil,BSB
Campo Grande,Brazil,CGR
Cuiaba - Marechal Rondon International Airport,Brazil,CGB
Curitiba - Afonso Pena International Airport,Brazil,CWB
Florianopolis,Brazil,FLN
Fortaleza - Pinto Martins Airport,Brazil,FOR
"Goiania, Santa Genoveva Airport",Brazil,GYN
Sao Paulo - Guarulhos International,Brazil,GRU
Jacobina   ,Brazil,JCM
Jales,Brazil,JLS
Januaria,Brazil,JNA
Jatai,Brazil,JTI
Joacaba,Brazil,JCB
Joao Pessoa - Castro Pinto Airport,Brazil,JPA
Joinville - Cubatao Airport,Brazil,JOI
Juiz De Fora - Francisco De Assis Airport,Brazil,JDF
Macapa - Alberto Alcolumbre International Airport,Brazil,MCP
Maceio - Zumbi dos Palmares International Airport,Brazil,MCZ
Manaus - Eduardo Gomes International Airport,Brazil,MAO
Montenegro,Brazil,QGF
Natal - Augusto Severo International Airport,Brazil,NAT
Palmas,Brazil,PMW
Porto Alegre - Salgado Filho International Airport,Brazil,POA
Porto Velho,Brazil,PVH
Recife - Guararapes-Gilberto Freyre International,Brazil,REC
Rio Branco - Plácido de Castro International Airport,Brazil,RBR
Rio de Janeiro - Galeao,Brazil,GIG
Rio de Janeiro - Santos Dumont,Brazil,SDU
Rio de Janeiro,Brazil,RIO
Salvador - Salvador International Airport,Brazil,SSA
Santa Rosa,Brazil,SRA
Sao Luis - Marechal Cunha Machado International,Brazil,SLZ
Sao Paulo,Brazil,SAO
Sao Paulo - Congonhas,Brazil,CGH
Sao Paulo - Guarulhos,Brazil,GRU
Sao Paulo - Viracopos,Brazil,VCP
Teresina,Brazil,THE
Uberaba,Brazil,UBA
Uberlandia - Eduardo Gomes Airport,Brazil,UDI
Urubupunga - Ernesto Pochler Airport,Brazil,URB
Uruguaiana - Ruben Berta Airport,Brazil,URG
Vitoria - Eurico de Aguiar Salles Airport,Brazil,VIX
Tortola,British Virgin Islands,TOV
Bandar Seri Begawan - Brunei International Airport,Brunei,BWN
Bourgas/Burgas,Bulgaria,BOJ
Gorna,Bulgaria,GOZ
Jambol,Bulgaria,JAM
Ruse,Bulgaria,ROU
Silistra,Bulgaria,SLS
Sofia - Vrazhdebna,Bulgaria,SOF
Targovishte,Bulgaria,TGV
Varna,Bulgaria,VAR
Vidin,Bulgaria,VID
Bobo/Dioulasso,Burkina Faso,BOY
Ouagadougou,Burkina Faso,OUA
Bujumbura - Bujumbura International Airport,Burundi,BJM
Phnom Penh - Pochentong,Cambodia,PNH
Douala,Cameroon,DLA
Garoua,Cameroon,GOU
Maroua,Cameroon,MVR
N'Gaoundere,Cameroon,NGE
Yaounde,Cameroon,YAO
"Attawapiskat, NT",Canada,YAT
"Bonaventure, PQ",Canada,YVB
Calgary - Calgary International Airport,Canada,YYC
Cambridge Bay,Canada,YCB
Churchill,Canada,YYQ
Deer Lake/Corner Brook,Canada,YDF
Edmonton,Canada,YEA
"Edmonton, International",Canada,YEG
"Edmonton, Municipal",Canada,YXD
Flin Flon,Canada,YFO
Fort Albert,Canada,YFA
Fort McMurray,Canada,YMM
Fort Smith,Canada,YSM
Fort St. John,Canada,YXJ
Fredericton,Canada,YFC
Gander,Canada,YQX
Gillam,Canada,YGX
Goose Bay,Canada,YYR
Halifax International,Canada,YHZ
Hall Beach,Canada,YUX
Hamilton,Canada,YHM
"Harrington Harbour, PQ",Canada,YHR
Inuvik,Canada,YEV
Iqaluit (Frobisher Bay),Canada,YFB
"Kamloops, BC",Canada,YKA
"Kaschechawan, PQ",Canada,ZKE
"Kelowna, BC",Canada,YLW
Kuujjuaq (FortChimo),Canada,YVP
Kuujjuarapik,Canada,YGW
"Lac Brochet, MB",Canada,XLB
La Grande,Canada,YGL
Leaf Rapids,Canada,YLR
London,Canada,YXU
Moncton,Canada,YQM
Montreal,Canada,YMQ
Montreal - Dorval (Montréal-Trudeau),Canada,YUL
Montreal - Mirabel,Canada,YMX
Nanisivik,Canada,YSR
Norman Wells,Canada,YVQ
Ottawa - Hull,Canada,YOW
"Port Menier, PQ",Canada,YPN
Prince George,Canada,YXS
Prince Rupert/Digby Island,Canada,YPR
Pukatawagan,Canada,XPK
Quebec - Quebec International,Canada,YQB
"Rainbow Lake, AB",Canada,YOP
Regina,Canada,YQR
Resolute Bay,Canada,YRB
Saint John,Canada,YSJ
Sandspit,Canada,YZP
Saskatoon,Canada,YXE
"Shamattawa, MB",Canada,ZTM
Smithers,Canada,YYD
"South Indian Lake, MB",Canada,XSI
"St. Augustin, PQ",Canada,YIF
St. John's,Canada,YYT
"St. Pierre, NF",Canada,FSP
Terrace,Canada,YXT
The Pas,Canada,YQD
Thompson,Canada,YTH
Thunder Bay,Canada,YQT
Toronto - Billy Bishop Toronto City Airport,Canada,YTZ
Toronto - Toronto Pearson International Airport,Canada,YYZ
Toronto,Canada,YTO
Umiujaq,Canada,YUD
Uranium City,Canada,YBE
Val d'Or,Canada,YVO
Vancouver - Vancouver International,Canada,YVR
Victoria,Canada,YYJ
Wabush,Canada,YWK
"Whale Cove, NT",Canada,YXN
Whitehorse,Canada,YXY
Windsor Ontario,Canada,YQG
Winnipeg International,Canada,YWG
Yellowknife,Canada,YZF
Praia,Cape Verde,RAI
Sal,Cape Verde,SID
Grand Cayman - Owen Roberts International,Cayman Islands,GCM
Bambari,Central African Republic,BBY
Bangassou,Central African Republic,BGU
Bangui - M'Poko International Airport,Central African Republic,BGF
Berberati,Central African Republic,BBT
Biraro,Central African Republic,IRO
Bria,Central African Republic,BIV
Carnot,Central African Republic,CRF
Ouadda,Central African Republic,ODA
Abeche,Chad,AEH
Moundou,Chad,MQQ
N'Djamena,Chad,NDJ
Alderney,Channel Islands,ACI
Guernsey,Channel Islands,GCI
Jersey,Channel Islands,JER
Calama - El Loa,Chile,CJC
Easter Island,Chile,IPC
Punta Arenas - Presidente Carlos Ibáñez del Campo,Chile,PUQ
Santiago de Chile - Arturo Merino Benitez,Chile,SCL
Valparaiso,Chile,VAP
Beijing,China,PEK
Beijing - Nanyuan Airport,China,NAY
Shanghai - Hongqiao,China,SHA
Shanghai - Pu Dong,China,PVG
Tianjin,China,TSN
Barranquilla,Colombia,BAQ
Bogota - El Nuevo Dorado International Airport,Colombia,BOG
Bucaramanga,Colombia,BGA
Cali,Colombia,CLO
Cartagena - Rafael Núñez International Airport,Colombia,CTG
Medellin,Colombia,MDE
Pereira,Colombia,PEI
San Andres,Colombia,ADZ
Santa Rosalia,Colombia,SSL
Anjouan - Anjouan Airport,Comoros (Comores),AJN
Moroni - Prince Said Ibrahim,Comoros (Comores),HAH
Moroni - Iconi,Comoros (Comores),YVA
Kinshasa - N'Djili,Congo (DRC),FIH
Kisangani,Congo (DRC),FKI
Lisala,Congo (DRC),LIQ
Lumbumbashi,Congo (DRC),FBM
Brazzaville - Maya-Maya Airport,Congo (ROC),BZV
Pointe Noire,Congo (ROC),PNR
Rarotonga,Cook Island,RAR
San Jose,Costa Rica,SJO
Upala,Costa Rica,UPL
Abidjan,Cote d'Ivoire,ABJ
Bouake,Cote d'Ivoire,BYK
Daloa,Cote d'Ivoire,DJO
Korhogo,Cote d'Ivoire,HGO
Man,Cote d'Ivoire,MJC
San Pedro,Cote d'Ivoire,SPY
Sassandra,Cote d'Ivoire,ZSS
Yamoussoukro,Côte d'Ivoire,ASK
"City, Airport",Country,Code
"City, Airport",Country,Code
"City, Airport",Country,Code
"City, Airport",Country,Code
"City, Airport",Country,Code
"City, Airport",Country,Code
"City, Airport",Country,Code
"City, Airport",Country,Code
"City, Airport",Country,Code
"City, Airport",Country,Code
"City, Airport",Country,Code
"City, Airport",Country,Code
"City, Airport",Country,Code
"City, Airport",Country,Code
"City, Airport",Country,Code
"City, Airport",Country,Code
"City, Airport",Country,Code
"City, Airport",Country,Code
"City, Airport",Country,Code
"City, Airport",Country,Code
"City, Airport",Country,Code
"City, Airport",Country,Code
Dubrovnik,Croatia (Hrvatska),DBV
Losinj - Losinj Arpt,Croatia (Hrvatska),LSZ
Osijek,Croatia (Hrvatska),OSI
Pula,Croatia (Hrvatska),PUY
Rijeka,Croatia (Hrvatska),RJK
Split,Croatia (Hrvatska),SPU
Zadar,Croatia (Hrvatska),ZAD
Zagreb - Pleso,Croatia (Hrvatska),ZAG
Cienfuegos - Jaime González Airport,Cuba,CFG
Havana - José Martí International,Cuba,HAV
Holguin,Cuba,HOG
Santiago - Antonio Maceo Airport,Cuba,SCU
Varadero,Cuba,VRA
Akrotiri - RAF,Cyprus,AKT
Larnaca,Cyprus,LCA
Limassol,Cyprus,QLI
Nicosia,Cyprus,NIC
Paphos,Cyprus,PFO
Prague - Ruzyne,Czech Republic,PRG
Uherske Hradiste,Czech Republic,UHE
Aarhus,Denmark,AAR
Alborg,Denmark,AAL
Billund,Denmark,BLL
Copenhagen - Copenhagen Airport,Denmark,CPH
Esbjerg,Denmark,EBJ
Faroer - Vágar Airport,Denmark,FAE
Karup,Denmark,KRP
Odense,Denmark,ODE
Roenne,Denmark,RNN
Skrydstrup,Denmark,SKS
Soenderborg,Denmark,SGD
Thisted,Denmark,TED
Djibouti (city) - Djibouti-Ambouli International Airport,Djibouti,JIB
Melville Hall,Dominica,DOM
La Romana - La Romana International Airport,Dominican Republic,LRM
Samana - Samaná El Catey International Airport,Dominican Republic,AZS
Puerto Plata,Dominican Republic,POP
Punta Cana - Punta Cana International,Dominican Republic,PUJ
Santo Domingo,Dominican Republic,SDQ
Guayaquil - Simon Bolivar,Ecuador,GYE
Jipijapa,Ecuador,JIP
Quito - Mariscal Sucre International Airport,Ecuador,UIO
Salinas,Ecuador,SNC
Abu Rudeis,Egypt,AUE
Abu Simbel,Egypt,ABS
Al Arish,Egypt,AAC
Alexandria - Borg el Arab Airport,Egypt,HBH
Alexandria - El Nhouza Airport,Egypt,ALY
Assiut,Egypt,ATZ
Aswan - Daraw Airport,Egypt,ASW
Cairo - Cairo International Airport,Egypt,CAI
El Minya,Egypt,EMY
Hurghada International,Egypt,HRG
Kharga - New Valley,Egypt,UVL
Luxor,Egypt,LXR
Marsa Alam,Egypt,RMF
Marsa Matrah (Marsa Matruh),Egypt,MUH
New Valley - Kharga,Egypt,UVL
Port Said,Egypt,PSD
Santa Katarina - Mount Sinai,Egypt,SKV
Sharm El Sheikh,Egypt,SSH
Siwa,Egypt,SEW
San Salvador,El Salvador,SAL
Malabo,Equatorial Guinea,SSG
Asmara - Asmara International,Eritrea,ASM
Tallinn - Pirita Harbour,Estonia,QUF
Tallinn - Ulemiste,Estonia,TLL
Addis Ababa - Bole International Airport,Ethiopia,ADD
Jijiga,Ethiopia,JIJ
Jimma,Ethiopia,JIM
Jinka - Baco/Jinka Airport,Ethiopia,BCO
Castaway,Fiji,CST
Nadi,Fiji,NAN
Suva/Nausori,Fiji,SUV
Nausori,Fiji/Suva,SUV
Enontekioe,Finland,ENF
Helsinki - Vantaa,Finland,HEL
Ivalo,Finland,IVL
Joensuu,Finland,JOE
Jyväskylä (Jyvaskyla),Finland,JYV
Kajaani,Finland,KAJ
Kauhajoki,Finland,KHJ
Kemi/Tornio,Finland,KEM
Kittilä,Finland,KTT
Kokkola/Pietarsaari,Finland,KOK
Kuopio,Finland,KUO
Kuusamo,Finland,KAO
Lappeenranta,Finland,LPP
Mariehamn (Maarianhamina),Finland,MHQ
Mikkeli,Finland,MIK
Oulu,Finland,OUL
Pori,Finland,POR
Rovaniemi,Finland,RVN
Savonlinna,Finland,SVL
Seinaejoki,Finland,SJY
Sodankylae,Finland,SOT
Tampere,Finland,TMP
Turku,Finland,TKU
Vaasa,Finland,VAA
Varkaus,Finland,VRK
Ajaccio,France,AJA
Albi,France,LBI
Annecy,France,NCY
Aurillac,France,AUR
Bastia,France,BIA
Bergerac - Roumanieres,France,EGC
Biarritz,France,BIQ
Bordeaux - Bordeaux Airport,France,BOD
Brest,France,BES
Calvi,France,CLY
Chambery,France,CMF
Clermont Ferrand,France,CFE
Dinard,France,DNR
Disneyland Paris,France,DLP
Figari,France,FSC
Frejus,France,FRJ
Grenoble,France,GNB
La Rochelle,France,LRH
Lannion,France,LAI
Lille,France,LIL
Limoges,France,LIG
Lorient,France,LRT
Lourdes/Tarbes,France,LDE
Lyon - Lyon-Saint Exupéry Airport ,France,LYS
Marseille,France,MRS
Metz -  Frescaty,France,MZM
Metz/Nancy Metz-Nancy-Lorraine,France,ETZ
Montpellier - Frejorgues,France,MPL
Mulhouse,France,MLH
Nancy,France,ENC
Nantes - Nantes Atlantique Airport,France,NTE
Nice - Cote D'Azur,France,NCE
Nimes,France,FNI
Paris,France,PAR
Paris - Charles de Gaulle,France,CDG
Paris - Le Bourget,France,LBG
Paris - Orly,France,ORY
Pau,France,PUF
Perpignan,France,PGF
Poitiers - Biard,France,PIS
Quimper,France,UIP
Rennes,France,RNS
Roanne,France,RNE
Rodez,France,RDZ
Saint Brieuc,France,SBK
St. Etienne,France,EBU
Strassburg,France,SXB
Toulouse - Blagnac Airport,France,TLS
Cayenne - Cayenne-Rochambeau Airport,French Guiana,CAY
Bora Bora,French Polynesia,BOB
Huahine,French Polynesia,HUH
Manihi,French Polynesia,XMH
Maupiti,French Polynesia,MAU
Moorea,French Polynesia,MOZ
Raiatea,French Polynesia,RFP
Rangiroa,French Polynesia,RGI
Ua Huka,French Polynesia,UAH
Ua Pou,French Polynesia,UAP
Papeete - Faaa,French Polynesia (Tahiti),PPT
Xiamen,"Fujian, PR China",XMN
Lambarene,Gabon,LBQ
Libreville,Gabon,LBV
Moanda,Gabon,MFF
Mouila,Gabon,MJL
Mvengue,Gabon,MVB
Port Gentil,Gabon,POG
Oyem,Gabon/Loyautte,UVE
Banjul - Banjul International Airport (Yundum International),Gambia,BJL
Tbilisi - Novo Alexeyevka,Georgia,TBS
Augsburg - Augsbur gAirport,Germany,AGB
Bayreuth - Bindlacher-Berg,Germany,BYU
Berlin,Germany,BER
"Berlin, Schoenefeld",Germany,SXF
"Berlin, Tegel",Germany,TXL
"Berlin, Tempelhof (ceased operating in 2008)",Germany,THF
Bremen - Bremen Airport (Flughafen Bremen),Germany,BRE
Cottbus - Cottbus-Drewitz Airport,Germany,CBU
Cologne - Cologne Airport (Flughafen Köln/Bonn),Germany,CGN
Dortmund,Germany,DTM
Dresden - Dresden Airport,Germany,DRS
Duesseldorf - Düsseldorf International Airport,Germany,DUS
Erfurt - Erfurt Airport (Flughafen Erfurt),Germany,ERF
Frankfurt/Main - Frankfurt Airport (Rhein-Main-Flughafen),Germany,FRA
Frankfurt/Hahn,Germany,HHN
Friedrichshafen - Bodensee-Airport Friedrichshafen,Germany,FDH
Guettin,Germany,GTI
Hamburg - Fuhlsbuettel,Germany,HAM
Hannover,Germany,HAJ
Hof,Germany,HOQ
Juist (island),Germany,JUI
Karlsruhe-Baden - Soellingen,Germany,FKB
Kiel - Holtenau,Germany,KEL
"Köln, Köln/Bonn",Germany,CGN
Leipzig,Germany,LEJ
Muenchen (Munich) - Franz Josef Strauss,Germany,MUC
Muenster/Osnabrueck,Germany,FMO
Nürnberg (Nuremberg),Germany,NUE
Paderborn/Lippstadt,Germany,PAD
Saarbruecken,Germany,SCN
Stuttgart - Echterdingen,Germany,STR
"Westerland, Sylt Airport",Germany,GWT
"Wiesbaden, Air Base",Germany,WIE
Accra - Kotoka International Airport,Ghana,ACC
Gibraltar,Gibraltar,GIB
Araxos,Greece,GPA
Athens - Elefthérios Venizélos International Airport,Greece,ATH
"Athens, Hellinikon Airport",Greece,HEW
Chania,Greece,CHQ
Chios,Greece,JKH
Corfu,Greece,CFU
Heraklion,Greece,HER
Kalamata,Greece,KLX
Karpathos,Greece,AOK
Kavalla,Greece,KVA
Kos,Greece,KGS
Mykonos,Greece,JMK
Mytilene (Lesbos),Greece,MJT
Naxos - Naxos Airport,Greece,JNX
Preveza/Lefkas,Greece,PVK
Rhodos,Greece,RHO
Saloniki,Greece,SKG
Samos,Greece,SMI
Skiathos,Greece,JSI
Thessaloniki - Makedonia Apt.,Greece,SKG
Thira,Greece,JTR
Zakynthos,Greece,ZTH
Narsarsuaq,Greenland,UAK
Soendre Stroemfjord,Greenland,SFJ
Upernavik - Upernavik Heliport,Greenland,JUV
Uummannaq,Greenland,UMD
Grenada - Point Salines Airport also Maurice Bishop,Grenada,GND
Basse-Terre - Pointe-à-Pitre International Airport,Guadeloupe,PTP
Pointe a Pitre,Guadeloupe,PTP
Agana (Hagåtña),Guam,SUM
Guam,Guam,GUM
Hagåtña - Guam International Airport,Guam,GUM
Guangzhou (Canton) - Baiyun International Airport,"Guangdong, PR China",CAN
Shenzhen - Baoan,"Guangdong, PR China",SZX
Guilin - Liangjiang,"Guangxi, PR China",KWL
Nanning,"Guangxi, PR China",NNG
Guatemala City - La Aurora International Airport,Guatemala,GUA
Conakry - Conakry International Airport,Guinea,CKY
Labe,Guinea,LEK
Bissau - Osvaldo Vieiro International Airport,Guinea-Bissau,BXO
Georgetown - Cheddi Jagan International Airport,Guyana,GEO
Jacmel   ,Haiti,JAK
Jeremie - Jeremie Airport,Haiti,JEE
Port au Prince,Haiti,PAP
Harbin (Haerbin),"Heilongjiang, PR China",HRB
Sapporo,"Hokkaido, Japan",SPK
Sapporo - Okadama,"Hokkaido, Japan",OKD
Juticalpa,Honduras,JUT
Roatan,Honduras,RTB
San Pedro Sula,Honduras,SAP
"Santa Rosa, Copan",Honduras,SDH
Tegucigalpa,Honduras,TGU
Utila,Honduras,UII
Hong Kong - International Airport (HKIA),Hong Kong,HKG
Hong Kong - Chek Lap Kok,Hong Kong,ZJK
Wuhan,"Hubei, PR China",WUH
Yichang,"Hubei, PR China",YIH
Budapest - Budapest Ferihegy International Airport,Hungary,BUD
Ibiza,Ibiza/Spain,IBZ
Egilsstadir,Iceland,EGS
Reykjavik - Metropolitan Area,Iceland,REK
Reykjavik - Keflavik International,Iceland,KEF
Ahmedabad,India,AMD
Amritsar,India,ATQ
Anand,India,QNB
Bagdogra,India,IXB
Bangalore,India,BLR
Baroda,India,BDQ
Belgaum,India,IXG
Bhopal,India,BHO
Bhubaneswar,India,BBI
Bombay (Mumbai) - Chhatrapati Shivaji International,India,BOM
Calcutta (Kolkata) - Netaji Subhas Chandra,India,CCU
Calicut,India,CCJ
Chandigarh - Chandigarh International Airport,India,IXC
Chennai (Madras),India,MAA
Cochin,India,COK
Coimbatore,India,CJB
Delhi - Indira Gandhi International Airport,India,DEL
Goa,India,GOI
Guwahati,India,GAU
Hyderabad - Rajiv Gandhi International Airport,India,HYD
Jagdalpur,India,JGB
Jaipur - Sanganeer,India,JAI
Jaisalmer   ,India,JSA
Jalandhar,India,JLR
Jammu - Satwari,India,IXJ
Jamnagar - Govardhanpur,India,JGA
Jamshedpur - Sonari Airport,India,IXW
Jeypore - Jeypore Airport,India,PYB
Jodhpur,India,JDH
Jorhat - Rowriah Airport,India,JRH
Kanpur,India,KNU
Kolkata (Calcutta) - Netaji Subhas Chandra,India,CCU
Lucknow,India,LKO
Madras (Chennai),India,MAA
Mysore,India,MYQ
Nagpur,India,NAG
Patna,India,PAT
Rajkot,India,RAJ
Ranchi,India,IXR
Srinagar,India,SXR
Surat,India,STV
Thiruvananthapuram,India,TRV
Tiruchirapally,India,TRZ
Udaipur - Dabok Airport,India,UDR
Varanasi,India,VNS
Pune,"India, Maharashtra",PNQ
Ayawasi,Indonesia,AYW
Bandung - Husein Sastranegara International Airport,Indonesia,BDO
Denpasar/Bali,Indonesia,DPS
Jakarta - Halim Perdana Kusuma,Indonesia,HLP
Jakarta - Metropolitan Area,Indonesia,JKT
Jakarta - Soekarno-Hatta International,Indonesia,CGK
Jayapura - Sentani,Indonesia,DJJ
Medan - Polania Int'l (now Soewondo AFB),Indonesia,MES
Medan - Kualanamu International,Indonesia,KNO
Manado,Indonesia,MDC
Surabaya - Juanda,Indonesia,SUB
Tioman,Indonesia,TOD
Ujung Pandang - Hasanudin Airport,Indonesia,UPG
Jambi - Sultan Taha Syarifudn,Indonesia ,DJB
Abadan,Iran,ABD
Tehran (Teheran) - Mehrabad,Iran,THR
Urmiehm (Orumieh),Iran,OMH
Bagdad - Baghdad International Airport,Iraq,BGW
"Basra, Basrah",Iraq,BSR
Kirkuk,Iraq,KIK
Mosul,Iraq,OSM
Cork,Ireland,ORK
Donegal (Carrickfin),Ireland,CFN
Dublin - Dublin International Airport,Ireland,DUB
Galway,Ireland,GWY
Kerry County,Ireland,KIR
Knock,Ireland,NOC
Shannon (Limerick),Ireland,SNN
Sligo,Ireland,SXL
Elat,Israel,ETH
"Elat, Ovula",Israel,VDA
Haifa,Israel,HFA
Jerusalem - Atarot Airport (closed),Israel,JRS
Tel Aviv - Ben Gurion International,Israel,TLV
Alghero Sassari,Italy,AHO
Ancona - Ancona Falconara Airport,Italy,AOI
Bari,Italy,BRI
Bergamo/Milan - Orio Al Serio,Italy,BGY
Bologna,Italy,BLQ
"Brescia, Montichiari",Italy,VBS
Brindisi,Italy,BDS
Cagliari,Italy,CAG
Catania,Italy,CTA
"Elba Island, Marina Di Campo",Italy,EBA
Florence (Firenze) - Peretola Airport,Italy,FLR
Genoa,Italy,GOA
Lamezia Terme,Italy,SUF
Lampedusa,Italy,LMP
Milan,Italy,MIL
Milan - Linate,Italy,LIN
Milan - Malpensa,Italy,MXP
Milan - Orio Al Serio,Italy,BGY
Naples,Italy,NAP
Olbia,Italy,OLB
Palermo - Punta Raisi,Italy,PMO
Pantelleria,Italy,PNL
Perugia,Italy,PEG
Pescara,Italy,PSR
Pisa - Galileo Galilei,Italy,PSA
Reggio Calabria,Italy,REG
Rimini,Italy,RMI
Rome,Italy,ROM
Rome - Ciampino,Italy,CIA
Rome - Fuimicino,Italy,FCO
Trapani,Italy,TPS
Treviso,Italy,TSF
Trieste,Italy,TRS
Turin,Italy,TRN
Venice - Marco Polo,Italy,VCE
Verona (Brescia) Montichiari,Italy,VBS
Verona,Italy,VRN
Kingston - Norman Manley,Jamaica,KIN
Montego Bay - Sangster International,Jamaica,MBJ
Akita,Japan,AXT
Amami,Japan,ASJ
Aomori,Japan,AOJ
Chiba City,Japan,QCB
Sapporo - New Chitose Airport,Japan,CTS
Fukuoka,Japan,FUK
Fukushima - Fukushima Airport,Japan,FKS
Hachijo Jima,Japan,HAC
Hakodate,Japan,HKD
Hiroshima International,Japan,HIJ
Ishigaki - New Ishigaki Airport,Japan,ISG
Kagoshima,Japan,KOJ
Kobe,Japan,UKB
Kochi,Japan,KCZ
Komatsu,Japan,KMQ
Kumamoto,Japan,KMJ
Kushiro,Japan,KUH
Kyoto,Japan,UKY
"Matsumoto, Nagano",Japan,MMJ
Matsuyama,Japan,MYJ
Miyako Jima (Ryuku Islands) - Hirara,Japan,MMY
Miyazaki,Japan,KMI
"Morioka, Hanamaki",Japan,HNA
Nagasaki,Japan,NGS
Nagoya - Komaki AFB,Japan,NGO
Niigata,Japan,KIJ
Oita,Japan,OIT
Okayama,Japan,OKJ
"Okinawa, Ryukyo Island - Naha",Japan,OKA
"Osaka, Metropolitan Area",Japan,OSA
Osaka - Itami,Japan,ITM
Osaka - Kansai International Airport,Japan,KIX
Sado Shima,Japan,SDS
Sapporo - New Chitose Airport,Japan,CTS
Sendai,Japan,SDJ
Takamatsu,Japan,TAK
Tokushima,Japan,TKS
Tokyo,Japan,TYO
Tokyo - Haneda,Japan,HND
Tokyo - Narita,Japan,NRT
Toyama,Japan,TOY
Ube,Japan,UBJ
"Yamagata, Junmachi",Japan,GAJ
Yokohama,Japan,YOK
Ji'an,"Jiangxi, China",JGS
Changchun,"Jilin, PR China",CGQ
Amman - Queen Alia International Airport,Jordan,AMM
Amman - Amman-Marka International Airport,Jordan,ADJ
Aqaba,Jordan,AQJ
Almaty (Alma Ata) - Almaty International Airport,Kazakhstan,ALA
Astana - Astana International Airport,Kazakhstan,TSE
Malindi,Kenya,MYD
Mombasa - Moi International,Kenya,MBA
Nairobi,Kenya,NBO
King Island,King Island (Australia),KNS
Kiritimati (island) - Cassidy International Airport,Kiribati,CXI
"Incheon, Incheon International Airport",Korea South,ICN
Kuwait - Kuwait International,Kuwait,KWI
Bishkek - Manas International Airport,Kyrgyzstan,FRU
Vientiane - Wattay,Lao PDR,VTE
Riga,Latvia,RIX
Beirut - Beirut Rafic Hariri International Airport,Lebanon,BEY
Maseru - Moshoeshoe International,Lesotho,MSU
Dalian - Zhoushuizi International Airport,"Liaoning, PR China",DLC
Shenyang,"Liaoning, PR China",SHE
Monrovia - Metropolitan Area,Liberia,MLW
Monrovia - Roberts International,Liberia,ROB
Benghazi (Bengasi),Libya,BEN
Sehba,Libya,SEB
Tripoli - Tripoli International,Libya,TIP
Vilnius,Lithuania,VNO
Wilna (Vilnius),Lithuania,VNO
Lifou,"Loyaute, Pazifik",LIF
Luxembourg,Luxembourg,LUX
Macau,"Macau, China SAR",MFM
Ohrid,Macedonia,OHD
Skopje,Macedonia,SKP
Antananarivo (Tanannarive) - Ivato International Airport,Madagascar,TNR
Majunga,Madagascar,MJN
Blantyre (Mandala) - Chileka International Airport,Malawi,BLZ
Lilongwe - Lilongwe International,Malawi,LLW
Bintulu,Malaysia,BTU
Johor Bahru - Sultan Ismail International,Malaysia,JHB
Kota Kinabalu,Malaysia,BKI
Kuala Lumpur - International Airport,Malaysia,KUL
Kuala Lumpur - Sultan Abdul Aziz Shah,Malaysia,SZB
Kuantan,Malaysia,KUA
Kuching,Malaysia,KCH
Labuan,Malaysia,LBU
Langkawi (islands),Malaysia,LGK
Miri,Malaysia,MYY
Penang International,Malaysia,PEN
Sibu,Malaysia,SBW
Tawau,Malaysia,TWU
Male - International,Maledives,MLE
Bamako - Bamako-Sénou International Airport,Mali,BKO
Luga,Malta,MLA
Jaluit Island  ,Marshall Islands,UIT
Fort de France - Martinique Aimé Césaire International,Martinique,FDF
Nouadhibou,Mauritania,NDB
Nouakchott,Mauritania,NKC
Zouerate,Mauritania,OUZ
Mauritius - S.Seewoosagur Ram International,Mauritius,MRU
Rodrigues Island,Mauritius,RRG
Dzaoudzi,Mayotte,DZA
Acapulco,Mexico,ACA
Aguascaliente,Mexico,AGU
Cancun,Mexico,CUN
Chichen Itza,Mexico,CZA
"Chihuahua, Gen Fierro Villalobos",Mexico,CUU
Ciudad Del Carmen,Mexico,CME
Ciudad Juarez,Mexico,CJS
Ciudad Obregon,Mexico,CEN
Ciudad Victoria,Mexico,CVM
Colima,Mexico,CLQ
Cozmel,Mexico,CZM
Culiacan,Mexico,CUL
Guadalajara,Mexico,GDL
Hermosillo - Gen. Pesqueira Garcia,Mexico,HMO
Huatulco,Mexico,HUX
Ixtapa/Zihuatenejo,Mexico,ZIH
Jalapa,Mexico,JAL
La Paz - Leon,Mexico,LAP
Lazaro Cardenas,Mexico,LZC
Leon,Mexico,BJX
Loreto,Mexico,LTO
Los Cabos,Mexico,SJD
Los Mochis,Mexico,LMM
Manzanillo,Mexico,ZLO
Mazatlan,Mexico,MZT
Merida,Mexico,MID
Mexicali,Mexico,MXL
Mexico City - Mexico City International Airport,Mexico,MEX
Mexico City - Atizapan,Mexico,AZP
Mexico City - Juarez International,Mexico,MEX
Mexico City - Santa Lucia,Mexico,NLU
Minatitlan,Mexico,MTT
Monterrey - Gen. Mariano Escobedo,Mexico,MTY
Monterrey - Aeropuerto Del Norte,Mexico,NTR
Morelia,Mexico,MLM
Nuevo Laredo,Mexico,NLD
Oaxaca - Xoxocotlan,Mexico,OAX
Puebla,Mexico,PBC
Puerto Escondido,Mexico,PXM
Puerto Vallarta,Mexico,PVR
San Jose Cabo,Mexico,SJD
San Luis Potosi,Mexico,SLP
Santa Rosalia,Mexico,SRL
Tampico - Gen. F. Javier Mina,Mexico,TAM
Tijuana - Rodriguez,Mexico,TIJ
Tuxtla Gutierrez,Mexico,TGZ
Uruapan,Mexico,UPN
Veracruz,Mexico,VER
Villahermosa,Mexico,VSA
Zacatecas,Mexico,ZCL
Pohnpei,Micronesia,PNI
Chisinau - Chişinău International Airport,Moldova,KIV
Ulaanbaatar - Buyant Uhaa Airport,Mongolia,ULN
Podgorica,Montenegro,TGD
Tivat,Montenegro,TIV
Agadir,Morocco,AGA
Al Hoceima,Morocco,AHU
Casablanca,Morocco,CAS
"Casablanca, Mohamed V",Morocco,CMN
Fes,Morocco,FEZ
Marrakesh - Menara Airport,Morocco,RAK
Ouarzazate,Morocco,OZZ
Oujda,Morocco,OUD
Rabat - Sale,Morocco,RBA
Tangier - Boukhalef,Morocco,TNG
Beira,Mozambique,BEW
Maputo - Maputo International,Mozambique,MPM
Mandalay - Annisaton,Myanmar,MDL
Rangoon (Yangon) - Mingaladon,Myanmar,RGN
Yangon (Rangoon) - Mingaladon,Myanmar,RGN
Katima Mulilo/Mpacha,Namibia,MPA
Keetmanshoop,Namibia,KMP
Luederitz,Namibia,LUD
Mokuti,Namibia,OKU
Ondangwa,Namibia,OND
Oranjemund,Namibia,OMD
Rundu,Namibia,NDU
Swakopmund,Namibia,SWP
Tsumeb,Namibia,TSB
Windhoek - Eros,Namibia,ERS
Windhoek - Hosea Kutako International,Namibia,WDH
Janakpur,Nepal,JKR
Jiri,Nepal,JIR
Jomsom,Nepal,JMO
Jumla,Nepal,JUM
Kathmandu - Tribhuvan International Airport,Nepal,KTM
Amsterdam - Amsterdam Airport Schiphol,Netherlands,AMS
Den Haag (The Hague),Netherlands,HAG
Eindhoven,Netherlands,EIN
Groningen - Eelde,Netherlands,GRQ
Lelystad,Netherlands,LEY
Maastricht/Aachen,Netherlands,MST
Rotterdam,Netherlands,RTM
Uden - Volkel Airport,Netherlands,UDE
Bonaire,Netherlands Antilles,BON
Curacao - Curaçao International Airport,Netherlands Antilles,CUR
St. Marteen,Netherlands Antilles,SXM
Ile des Pins,New Caledonia,ILP
Ile Ouen,New Caledonia,IOU
Mare,New Caledonia,MEE
Noumea,New Caledonia,NOU
Touho,New Caledonia,TOU
Auckland - Auckland International Airport,New Zealand,AKL
Blenheim,New Zealand,BHE
Christchurch,New Zealand,CHC
Dunedin,New Zealand,DUD
Hamilton,New Zealand,HLZ
Incercargill,New Zealand,IVC
Invercargill,New Zealand,IVC
Milford Sound,New Zealand,MFN
Mount Cook,New Zealand,GTN
Nelson,New Zealand,NSN
Palmerston North,New Zealand,PMR
Queenstown,New Zealand,ZQN
Rotorua,New Zealand,ROT
Te Anau,New Zealand,TEU
Wellington,New Zealand,WLG
Whakatane,New Zealand,WHK
Whangarei,New Zealand,WRE
Managua - Augusto C Sandino,Nicaragua,MGA
Agades,Niger,AJY
Arlit,Niger,RLT
Maradi,Niger,MFQ
Niamey,Niger,NIM
Zinder,Niger,ZND
Abuja - Nnamdi Azikiwe International Airport,Nigeria,ABV
Jos,Nigeria,JOS
Kano,Nigeria,KAN
Lagos - Murtala Muhammed,Nigeria,LOS
Port Harcourt,Nigeria,PHC
Pyongyang - Sunan International Airport,North Korea,FNJ
Saipan,Northern Mariana Islands,SPN
Alesund,Norway,AES
Alta,Norway,ALF
Bardufoss,Norway,BDU
Bergen,Norway,BGO
Bodo,Norway,BOO
Broennoeysund,Norway,BNN
Evenes,Norway,EVE
Floro,Norway,FRO
Hammerfest,Norway,HFT
Haugesund,Norway,HAU
Kirkenes,Norway,KKN
Kristiansand,Norway,KRS
Kristiansund,Norway,KSU
Lakselv,Norway,LKL
"Oslo - Oslo Airport, Gardermoen",Norway,OSL
Oslo - Fornebu,Norway,FBU
Oslo - Sandefjord,Norway,TRF
Sogndal,Norway,SOG
Stavanger,Norway,SVG
Tromsoe,Norway,TOS
Trondheim,Norway,TRD
Muscat - Seeb,Oman,MCT
Salalah,Oman,SLL
Bahawalpur,Pakistan,BHV
Bannu,Pakistan,BNP
Chitral,Pakistan,CJL
Dera Ismail Khan - Dera Ismail Khan Airport,Pakistan,DSK
Faisalabad,Pakistan,LYP
Gilgit,Pakistan,GIL
Gwadar,Pakistan,GWD
Hyderabad,Pakistan,HDD
Islamabad - Benazir Bhutto International Airport,Pakistan,ISB
Jacobabad,Pakistan,JAG
Jiwani,Pakistan,JIW
Karachi - Jinnah International Airport,Pakistan,KHI
Khuzdar,Pakistan,KDD
Kohat,Pakistan,OHT
Lahore,Pakistan,LHE
Mianwali,Pakistan,MWD
Mirpur,Pakistan,QML
Moenjodaro,Pakistan,MJD
Multan,Pakistan,MUX
Muzaffarabad,Pakistan,MFG
Nawab Shah,Pakistan,WNS
Panjgur,Pakistan,PJG
Pasni,Pakistan,PSI
Peshawar,Pakistan,PEW
Quetta,Pakistan,UET
Rahim Yar Khan,Pakistan,RYK
Rawala Kot,Pakistan,RAZ
Rawalpindi,Pakistan,RWP
Saidu Sharif,Pakistan,SDT
Sindhri,Pakistan,MPD
Skardu,Pakistan,KDU
Sui,Pakistan,SUL
Sukkur,Pakistan,SKZ
Turbat,Pakistan,TUK
Zhob,Pakistan,PZH
Gaza City - Gaza International Airport,Palestinian Territory,GZA
Jaque   ,Panama,JQE
Panama City - Tocumen International,Panama,PTY
Aiyura,Papua New Guinea,AYU
Amazon Bay,Papua New Guinea,AZB
Jacquinot Bay,Papua New Guinea,JAQ
Lae - Lae Nadzab Airport,Papua New Guinea,LAE
Manguna,Papua New Guinea,MFO
Port Moresby - Jackson Field,Papua New Guinea,POM
Asuncion - Asunción International Airport,Paraguay,ASU
Iquitos,Peru,IQT
Jauja,Peru,JAU
Juanjui,Peru,JJI
Juliaca,Peru,JUL
Lima - J Chavez International,Peru,LIM
Cebu City - Mactan-Cebu International,Philippines,CEB
Cuyo,Philippines,CYU
Jolo,Philippines,JOL
Mactan Island - Nab,Philippines,NOP
Manila - Ninoy Aquino International,Philippines,MNL
Gdansk,Poland,GDN
Krakow (Cracow) - John Paul II International Airport,Poland,KRK
"Poznan, Lawica",Poland,POZ
Stettin,Poland,SZZ
Warsaw - Frédéric Chopin,Poland,WAW
Faro,Portugal,FAO
Funchal,Portugal,FNC
Horta,Portugal,HOR
Lisbon - Lisboa,Portugal,LIS
Ponta Delgada,Portugal,PDL
Porto,Portugal,OPO
Porto Santo,Portugal,PXO
Santa Maria,Portugal,SMA
Terceira,Portugal,TER
Altay,PR China,AAT
"Chaoyang, Beijing - Chaoyang Airport",PR China,CHG
Jiamusi - Jiamusi Airport,PR China,JMU
Jiayuguan - Jiayuguan Airport,PR China,JGN
Jilin,PR China,JIL
Jingdezhen,PR China,JDZ
Jinghong - Gasa Airport,PR China,JHG
Jining,PR China,JNG
Jinjiang,PR China,JJN
Jinzhou - Jinzhou Airport,PR China,JNZ
Jiujiang - Jiujiang Lushan Airport,PR China,JIU
Ulanhot,PR China,HLH
Aguadilla,Puerto Rico,BQN
Mayaguez,Puerto Rico,MAZ
Ponce,Puerto Rico,PSE
San Juan,Puerto Rico,SJU
Doha - Doha International Airport,Qatar,DOH
Saint Denis de la Reunion,Reunion,RUN
Bucharest,Romania,BUH
Bucharest - Henri Coandă International Airport,Romania,OTP
Constanta (Constanța) - Constanta Int'l Airport,Romania,CND
Adler/Sochi,Russia,AER
Arkhangelsk,Russia,ARH
Chabarovsk (Khabarovsk),Russia,KHV
Chita (Tschita),Russia,HTA
Irkutsk,Russia,IKT
Kazan (Ka San),Russia,KZN
Mineralnye Vody,Russia,MRV
Moscow - Metropolitan Area,Russia,MOW
Moscow - Domodedovo,Russia,DME
Moscow - Sheremetyevo,Russia,SVO
Moscow - Vnukovo,Russia,VKO
Murmansk,Russia,MMK
Novosibirsk - Tolmachevo,Russia,OVB
St. Petersburg (Leningrad) - Pulkovo,Russia,LED
Ufa,Russia,UFA
Ukhta,Russia,UCT
Ulan-Ude,Russia,UUD
Velikiye Luki (Welikije Luki),Russia,VLU
Yakutsk,Russia,YKS
Kigali - Gregoire Kayibanda,Rwanda,KGL
Basseterre - Robert L. Bradshaw International Airport,Saint Kitts and Nevis,SKB
Castries - George F. L. Charles Airport,Saint Lucia,SLU
St. Lucia Hewanorra,Saint Lucia,UVF
St. Lucia Vigle,Saint Lucia,SLU
Canouan (island) - Canouan Airport,Saint Vincent & the Grenadines,CIW
Kingstown - E. T. Joshua Airport,Saint Vincent and the Grenadines,SVD
St. Vincent,Saint Vincent and the Grenadines,SVD
Union Island,Saint Vincent and the Grenadines,UNI
Apia - Faleolo International Airport,Samoa,APW
Sao Tome,Sao Tome & Principe,TMS
Dhahran,Saudi Arabia,DHA
Jeddah - King Abdulaziz International,Saudi Arabia,JED
Jouf,Saudi Arabia,AJF
Khamis Mushayat,Saudi Arabia,AHB
"Madinah, Mohammad Bin Abdulaziz",Saudi Arabia,MED
Medina,Saudi Arabia,MED
Riyadh - King Khaled International,Saudi Arabia,RUH
Tabuk,Saudi Arabia,TUU
Taif,Saudi Arabia,TIF
Yanbu,Saudi Arabia,YNB
"Dammam, King Fahad International",Saudi Arabien,DMM
Edinburgh - Edinburgh Airport,"Scotland, UK",EDI
Dakar - Léopold Sédar Senghor International Airport,Senegal,DKR
Belgrad (Beograd) - Belgrade Nikola Tesla International,Serbia,BEG
Nis,Serbia,INI
Novi Sad,Serbia,QND
Pristina,Serbia,PRN
Mahe - Seychelles International,Seychelles,SEZ
Xi'an - Xianyang,"Shaanxi, PR China",XIY
Jinan,"Shandong, PR China",TNA
Qingdao,"Shandong, PR China",TAO
Taiyuan,"Shanxi, PR China",TYN
Chengdu - Shuangliu,"Sichuan, PR China",CTU
Chongqing - Jiangbei International Airport,"Sichuan, PR China",CKG
Freetown - Freetown-Lungi International Airport,Sierra Leone,FNA
Singapore - Changi,Singapore,SIN
Singapore - Paya Lebar,Singapore,QPG
Singapore - Seletar,Singapore,XSP
Bratislava - M. R. Štefánik Airport,Slovakia,BTS
Ljubljana - Brnik,Slovenia,LJU
Maribor,Slovenia,MBX
Guadalcanal,Solomon Islands,GSI
Honiara Henderson International,Solomon Islands,HIR
Mogadishu,Somalia,MGQ
Aggeneys,South Africa,AGZ
Alexander Bay - Kortdoorn,South Africa,ALJ
Alldays,South Africa,ADY
Bloemfontein - Bloemfontein Airport,South Africa,BFN
Cape Town - Cape Town International Airport,South Africa,CPT
Durban,South Africa,DUR
East London,South Africa,ELS
Ellisras,South Africa,ELL
George,South Africa,GRJ
Johannesburg - OR Tambo International Airport,South Africa,JNB
Kimberley,South Africa,KIM
Kleinsee,South Africa,KLZ
Lanseria,South Africa,HLA
Lusisiki,South Africa,LUJ
Margate,South Africa,MGH
Messina,South Africa,MEZ
Mkambati,South Africa,MBM
Mossel Bay,South Africa,MZY
Mzamba,South Africa,MZF
Nelspruit,South Africa,NLP
Nelspruit - Kruger Mpumalanga International Airport,South Africa,MQP
Newcastle,South Africa,NCS
Oudtshoorn,South Africa,OUH
Phalaborwa,South Africa,PHW
Pietermaritzburg,South Africa,PZB
Pietersburg,South Africa,PTG
Pilanesberg/Sun City,South Africa,NTY
Plettenberg Bay,South Africa,PBZ
Port Elizabeth,South Africa,PLZ
Pretoria - Wonderboom Apt.,South Africa,PRY
Richards Bay,South Africa,RCB
Sishen,South Africa,SIS
Skukuza,South Africa,SZK
Springbok,South Africa,SBU
Thaba'Nchu,South Africa,TCU
Ulundi,South Africa,ULD
Umtata,South Africa,UTT
Upington,South Africa,UTN
Vryheid,South Africa,VYD
Walvis Bay,South Africa,WVB
Welkom,South Africa,WEL
Pu San (Busan) - Gimhae International Airport,South Korea,PUS
Seoul - Incheon International Airport,South Korea,ICN
Seoul - Kimpo,South Korea,SEL
Ulsan,South Korea,USN
Juba,South Sudan,JUB
Alicante,Spain,ALC
Almeria,Spain,LEI
Arrecife/Lanzarote,Spain,ACE
Badajoz,Spain,BJZ
Barcelona,Spain,BCN
Bilbao,Spain,BIO
Cordoba,Spain,ODB
Fuerteventura,Spain,FUE
Gerona,Spain,GRO
Granada,Spain,GRX
Jerez de la Frontera/Cadiz - La Parra,Spain,XRY
La Coruna,Spain,LCG
Las Palmas,Spain,LPA
Madrid - Barajas,Spain,MAD
Mahon,Spain,MAH
Malaga,Spain,AGP
Murcia,Spain,MJV
Oviedo,Spain,OVD
Palma de Mallorca,Spain,PMI
Reus,Spain,REU
San Sebastian,Spain,EAS
Santa Cruz de la Palma,Spain,SPC
Santander,Spain,SDR
Santiago de Compostela,Spain,SCQ
Sevilla,Spain,SVQ
Tenerife,Spain,TCI
Tenerife - Sur Reina Sofia,Spain,TFS
Tenerife - Norte Los Rodeos,Spain,TFN
Valencia,Spain,VLC
Valladolid,Spain,VLL
Valverde,Spain,VDE
Vigo,Spain,VGO
Vitoria,Spain,VIT
Zaragoza,Spain,ZAZ
Colombo - Bandaranaike International Airport,Sri Lanka,CMB
Jaffna - Kankesanturai,Sri Lanka,JAF
Nevis,St. Kitts and Nevis,NEV
St. Kitts,St. Kitts and Nevis,SKB
St. Martin,St. Martin (Guadeloupe),SFG
Kassala,Sudan,KSL
Khartoum - Khartoum International Airport,Sudan,KRT
Paramaribo - Zanderij International,Suriname,PBM
Longyearbyen - Svalbard,Svalbard/Norway,LYR
Manzini - Matsapha International,Swaziland,MTS
Gothenburg (Göteborg) - Landvetter,Sweden,GOT
Helsingborg,Sweden,JHE
Jönköping (Jonkoping) - Axamo Airport,Sweden,JKG
Kalmar,Sweden,KLR
Karlstad,Sweden,KSD
Kiruna,Sweden,KRN
Kristianstad,Sweden,KID
Lidkoeping,Sweden,LDK
Lulea,Sweden,LLA
Malmo (Malmoe),Sweden,MMA
Malmo (Malmö) - Malmö Airport,Sweden,MMX
Norrkoeping,Sweden,NRK
Oerebro,Sweden,ORB
Ronneby,Sweden,RNB
Stockholm Metropolitan Area,Sweden,STO
Stockholm - Arlanda,Sweden,ARN
Stockholm - Bromma,Sweden,BMA
Sundsvall,Sweden,SDL
Umea,Sweden,UME
Vaexjoe,Sweden,VXO
Vasteras,Sweden,VST
Visby,Sweden,VBY
Altenrhein,Switzerland,ACH
Basel,Switzerland,BSL
"Berne, Bern-Belp",Switzerland,BRN
"Berne, Railway Service",Switzerland,ZDJ
Geneva - Geneva-Cointrin International Airport,Switzerland,GVA
Lugano,Switzerland,LUG
Zurich (Zürich) - Kloten,Switzerland,ZRH
Basel/Mulhouse,Switzerland/France,EAP
Aleppo,Syria,ALP
"Damascus, International",Syria,DAM
Kaohsiung International,Taiwan,KHH
Makung,Taiwan,MZG
Taipei - Chiang Kai Shek,Taiwan,TPE
Taipei - Sung Shan,Taiwan,TAY
Dushanbe (Duschanbe) - Dushanbe Airport,Tajikistan,DYU
Arusha,Tanzania,ARK
Dar es Salam (Daressalam) - Julius Nyerere Int'l,Tanzania,DAR
Dodoma - Dodoma Airport,Tanzania,DOD
Kilimadjaro,Tanzania,JRO
Los Rodeos,Teneriffa/Spain,TFN
Reina Sofia,Teneriffa/Spain,TFS
"Bangkok, Don Muang",Thailand,DMK
"Bangkok, Suvarnabhumi International",Thailand,BKK
Chiang Mai - Chiang Mai International Airport,Thailand,CNX
Hatyai (Hat Yai),Thailand,HDY
Nakhon Si Thammarat,Thailand,NST
Pattaya,Thailand,PYX
Phuket,Thailand,HKT
Ubon Ratchathani - Muang Ubon Airport,Thailand,UBP
Udon Thani,Thailand,UTH
Utapao (Pattaya),Thailand,UTP
Bahamas - Lynden Pindling International Airport,The Bahamas,NAS
Dili - Nicolau Lobato International Airport,Timor Leste (East Timor),DIL
Lome,Togo,LFW
Nuku'alofa - Fua'Amotu International,Tonga,TBU
Port of Spain - Piarco International,Trinidad and Tobago,POS
Scarborough - Crown Point International,Trinidad and Tobago,TAB
Tobago,Trinidad and Tobago,TAB
Djerba,Tunisia,DJE
Monastir,Tunisia,MIR
Sfax,Tunisia,SFA
Tunis - Carthage,Tunisia,TUN
Adana,Turkey,ADA
Adiyaman,Turkey,ADF
Ankara,Turkey,ANK
Ankara - Esenboğa International Airport,Turkey,ESB
Antalya,Turkey,AYT
Bodrum - Milas Airport,Turkey,BJV
Dalaman,Turkey,DLM
Denizli,Turkey,DNZ
Erzincan,Turkey,ERC
Erzurum,Turkey,ERZ
Gaziantep,Turkey,GZT
Istanbul - Istanbul Atatürk Airport,Turkey,IST
Istanbul - Sabiha Gokcen,Turkey,SAW
Izmir,Turkey,IZM
Izmir - Adnan Menderes,Turkey,ADB
Kahramanmaras,Turkey,KCM
Kars,Turkey,KYS
Kayseri,Turkey,ASR
Konya,Turkey,KYA
Malatya,Turkey,MLX
Maras,Turkey,KCM
Mardin,Turkey,MQM
Mus,Turkey,MSR
Samsun,Turkey,SZF
Sivas,Turkey,VAS
Tekirdag - Corlu,Turkey,TEQ
Trabzon,Turkey,TZX
Van - Ferit Melen,Turkey,VAN
Ashgabat - Saparmurat Turkmenbashy Int. Airport,Turkmenistan,ASB
Entebbe - Entebbe International Airport,Uganda,EBB
Gulu,Uganda,ULU
Jinja,Uganda,JIN
Kharkov,Ukraine,HRK
Kiev - Borispol,Ukraine,KBP
Kiev - Zhulhany,Ukraine,IEV
"Lvov (Lwow, Lemberg)",Ukraine,LWO
Nikolaev,Ukraine,NLV
Odessa,Ukraine,ODS
Simferopol,Ukraine,SIP
Uzhgorod,Ukraine,UDJ
Abu Dhabi - Abu Dhabi International,United Arab Emirates,AUH
Al Ain,United Arab Emirates,AAN
Alfujairah (Fujairah),United Arab Emirates,FJR
Dubai - Dubai International Airport,United Arab Emirates,DXB
"Fujairah, International Airport",United Arab Emirates,FJR
Ras al Khaymah (Ras al Khaimah),United Arab Emirates,RKT
Sharjah,United Arab Emirates,SHJ
Aberdeen,United Kingdom,ABZ
Barra (the famous tidal beach landing),United Kingdom,BRR
Belfast - George Best Belfast City Airport,United Kingdom,BHD
Belfast - Belfast International Airport,United Kingdom,BFS
Benbecula,United Kingdom,BEB
Birmingham - Birmingham International Airport,United Kingdom,BHX
Blackpool,United Kingdom,BLK
Bournemouth,United Kingdom,BOH
Bristol,United Kingdom,BRS
Cambrigde,United Kingdom,CBG
Campbeltown,United Kingdom,CAL
Cardiff - Cardiff Airport,United Kingdom,CWL
Coventry - Baginton,United Kingdom,CVT
Derry (Londonderry),United Kingdom,LDY
"Doncaster/Sheffield, Robin Hood International Airport",United Kingdom,DSA
Dundee,United Kingdom,DND
Exeter,United Kingdom,EXT
Fair Isle (Shetland),United Kingdom,FIE
Foula (Shetland),United Kingdom,FOU
"Glasgow, Prestwick",United Kingdom,PIK
Glasgow,United Kingdom,GLA
Humberside,United Kingdom,HUY
Inverness,United Kingdom,INV
Islay,United Kingdom,ILY
Kent (Manston) Kent International,United Kingdom,MSE
Kirkwall (Orkney),United Kingdom,KOI
Land's End,United Kingdom,LEQ
Leeds/Bradford,United Kingdom,LBA
Lerwick/Tingwall (Shetland Islands),United Kingdom,LWK
Liverpool,United Kingdom,LPL
London Metropolitan Area,United Kingdom,LON
London - City Airport,United Kingdom,LCY
London - Gatwick,United Kingdom,LGW
London - Heathrow,United Kingdom,LHR
London - Luton,United Kingdom,LTN
London - Stansted,United Kingdom,STN
Londonderry - Eglinton,United Kingdom,LDY
Lydd - Lydd International Airport,United Kingdom,LYX
Manchester,United Kingdom,MAN
Newquay,United Kingdom,NQY
Newcastle,United Kingdom,NCL
Norwich,United Kingdom,NWI
Nottingham - East Midlands,United Kingdom,EMA
Orkney - Kirkwall,United Kingdom,KOI
Out Skerries (Shetland),United Kingdom,OUK
"Sheffield, City Airport",United Kingdom,SZD
"Sheffield, Doncaster, Robin Hood International Airport",United Kingdom,DSA
Southampton - Eastleigh,United Kingdom,SOU
Southend (London),United Kingdom,SEN
Stansted (London),United Kingdom,STN
Stornway,United Kingdom,SYY
Sumburgh (Shetland),United Kingdom,LSI
"Teesside, Durham Tees Valley",United Kingdom,MME
Unst (Shetland Island) - Baltasound Airport,United Kingdom,UNT
Wick,United Kingdom,WIC
Montevideo - Carrasco,Uruguay,MVD
Midway Island - Sand Island Field,US Minor Outlying Islands,MDY
Aberdeen (SD),USA,ABR
Abilene (TX),USA,ABI
Akron (OH),USA,CAK
Albany (GA),USA,ABY
Albany (NY) - Albany International Airport,USA,ALB
Albuquerque (NM),USA,ABQ
Allentown (PA),USA,ABE
Altoona (PA),USA,AOO
Altus,USA,AXS
Amarillo (TX),USA,AMA
Anchorage (AK) - Ted Stevens Anchorage International,USA,ANC
Ann Arbor (MI),USA,ARB
Anniston (AL),USA,ANB
Appelton/Neenah/Menasha (WI),USA,ATW
Asheville (NC),USA,AVL
"Aspen, (CO) - Aspen-Pitkin County Airport",USA,ASE
Athens (GA),USA,AHN
Athens (OH),USA,ATO
Atlanta (GA) - Hartsfield Atlanta International Airport,USA,ATL
Atlantic City (NJ) - Atlantic City International,USA,ACY
Augusta (GA),USA,AGS
Augusta (ME) - Augusta State Airport,USA,AUG
Austin (TX) - Austin-Bergstrom Airport,USA,AUS
Bakersfield (CA),USA,BFL
Baltimore (MD) - Washington International Airport,USA,BWI
Bangor (ME),USA,BGR
Baton Rouge (LA) - Baton Rouge Metropolitan Airport,USA,BTR
Beaumont/Pt. Arthur (TX),USA,BPT
Beckley (WV),USA,BKW
Bellingham (WA),USA,BLI
Bemidji (MN),USA,BJI
Benton Harbour (MI),USA,BEH
Bethel (AK),USA,BET
Billings (MT),USA,BIL
Birmingham (AL),USA,BHM
Bismarck (ND) - Bismarck Municipal Airport,USA,BIS
Bloomington (IL),USA,BMI
Bloomington (IN),USA,BMG
Bluefield (WV),USA,BLF
Boise (ID) - Boise Air Terminal,USA,BOI
Borrego Springs (CA),USA,BXS
Boston (MA) - General Edward Lawrence Logan,USA,BOS
Bozeman (MT),USA,BZN
Bradford/Warren (PA) /Olean (NY),USA,BFD
Brainerd (MN),USA,BRD
Bridgeport (CT),USA,BDR
Brookings (SD),USA,BKX
Brunswick (GA),USA,BQK
Buffalo/Niagara Falls (NY),USA,BUF
Bullhead City (NV),USA,BHC
Burbank (CA),USA,BUR
Burlington IA,USA,BRL
Burlington (VT),USA,BTV
Butte (MT),USA,BTM
Carlsbad (CA),USA,CLD
Carson City (NV),USA,CSN
Casper (WY),USA,CPR
Cedar City (UT),USA,CDC
Cedar Rapids IA,USA,CID
Champaign (IL),USA,CMI
Charleston (SC),USA,CHS
Charleston (WV) - Yeager Airport,USA,CRW
Charlotte (NC),USA,CLT
Charlottesville (VA),USA,CHO
Chattanooga (TN),USA,CHA
Cheyenne (WY) - Cheyenne Regional Airport,USA,CYS
"Chicago (IL), Midway",USA,MDW
"Chicago (IL), O'Hare International Airport",USA,ORD
Chicago (IL),USA,CHI
Chico (CA),USA,CIC
Cincinnati (OH) - Cincinnati/Northern Kentucky Int'l,USA,CVG
Clarksburg (WV),USA,CKB
"Cleveland (OH) , Burke Lakefront",USA,BKL
"Cleveland (OH) , Hopkins",USA,CLE
Cody/Powell/Yellowstone (WY),USA,COD
Coffmann Cove (AK),USA,KCC
College Station/Bryan (TX),USA,CLL
Colorado Springs (CO),USA,COS
Columbia (SC) - Columbia Metropolitan Airport,USA,CAE
Columbus (GA),USA,CSG
Columbus (OH) - Port Columbus International Airport,USA,CMH
Concord (CA) - Buchanan Field,USA,CCR
Concord (NH) - Concord Municipal Airport,USA,CON
Cordova (AK),USA,CDV
Corpus Christi (TX),USA,CRP
Craig (AK),USA,CGA
Crescent City (CA),USA,CEC
"Dallas (TX) , Love Field",USA,DAL
Dallas/Ft. Worth (TX) - Dallas/Fort Worth International,USA,DFW
Danville (VA),USA,DAN
Dayton (OH),USA,DAY
Daytona Beach (FL),USA,DAB
Decatur (IL),USA,DEC
Denver (CO) - Denver International Airport,USA,DEN
Des Moines (IA) - Des Moines International Airport,USA,DSM
"Detroit (MI) , Coleman A. Young Municipal",USA,DET
"Detroit (MI) , Wayne County Airport",USA,DTW
"Detroit (MI) , Metropolitan Area",USA,DTT
Devils Lake (ND),USA,DVL
Dillingham (AK),USA,DLG
Dothan (AL),USA,DHN
Dubois (PA),USA,DUJ
Dubuque IA,USA,DBQ
Duluth (MN) /Superior (WI),USA,DLH
Durango (CO),USA,DRO
Dutch Harbor (AK),USA,DUT
Eau Clarie (WI),USA,EAU
Elkhart (IN),USA,EKI
Elko (NV),USA,EKO
Elmira (NY),USA,ELM
El Paso (TX) - El Paso International Airport,USA,ELP
Ely (NV),USA,ELY
Erie (PA),USA,ERI
Escanaba (MI),USA,ESC
Eugene (OR),USA,EUG
Eureka (CA),USA,ACV
Evansville (IN),USA,EVV
Fairbanks (AK),USA,FAI
Fargo (ND) (MN),USA,FAR
Farmington (NM),USA,FMN
Fayetteville (AR),USA,FYV
Fayetteville/Ft. Bragg (NC),USA,FAY
Flagstaff (AZ),USA,FLG
Flint (MI),USA,FNT
Florence (SC),USA,FLO
Fort Dodge IA,USA,FOD
Fort Huachuca/Sierra Vista (AZ),USA,FHU
Fort Lauderdale/Hollywood (FL),USA,FLL
"Fort Myers, Metropolitan Area (FL)",USA,FMY
"Fort Myers, Southwest Florida Reg (FL)",USA,RSW
Fort Riley (KS) - Marshall AAF,USA,FRI
Fort Smith (AR),USA,FSM
Fort Walton Beach (FL),USA,VPS
Fort Wayne (IN),USA,FWA
Fort Worth (TX) - Dallas/Fort Worth International Airport,USA,DFW
Franklin/Oil City (PA),USA,FKL
Fresno (CA),USA,FAT
Gadsden (AL),USA,GAD
Gainesville (FL),USA,GNV
Gilette (WY),USA,GCC
Glasgow (MT),USA,GGW
Glendive (MT),USA,GDV
Grand Canyon (AZ),USA,GCN
Grand Forks (ND),USA,GFK
Grand Junction (CO),USA,GJT
Grand Rapids (MI),USA,GRR
Grand Rapids (MN),USA,GPZ
Great Falls (MT),USA,GTF
Green Bay (WI),USA,GRB
Greenbrier/Lewisburg (WV),USA,LWB
Greensboro/Winston Salem (NC),USA,GSO
Greenville (MS),USA,GLH
Greenville (NC),USA,PGV
Greenville/Spartanburg (SC),USA,GSP
Groton/New London (CT),USA,GON
Gulfport/Biloxi (MS),USA,GPT
Gunnison/Crested Butte (CO),USA,GUC
Haines (AK),USA,HNS
Hancock (MI),USA,CMX
Harlingen/South Padre Island (TX),USA,HRL
Harrisburg (PA) - Harrisburg Skyport,USA,HAR
Harrisburg (PA) - Harrisburg International,USA,MDT
Hartford (CT) /Springfield (MA),USA,BDL
Havre (MT),USA,HVR
Helena (MT),USA,HLN
Hibbing (MN),USA,HIB
Hickory (NC),USA,HKY
Hilo (HI),USA,ITO
Hilton Head Island (SC),USA,HHH
Homer (AK),USA,HOM
Honolulu (HI) - Honolulu International Airport,USA,HNL
Hoonah (AK),USA,HNH
"Houston (TX) , Hobby",USA,HOU
"Houston, TX - George Bush Intercontinental Airport",USA,IAH
Huntington (WV),USA,HTS
Huntsville (AL),USA,HSV
Huron (SD),USA,HON
Hyannis (MA),USA,HYA
Hydaburg (AK),USA,HYG
Idaho Falls (ID),USA,IDA
Iliamna (AK),USA,ILI
Imperial (CA),USA,IPL
Indianapolis (IN) International,USA,IND
International Falls (MN),USA,INL
Inykern (CA),USA,IYK
Ithaca/Cortland (NY),USA,ITH
Jackson Hole (WY),USA,JAC
Jackson (MI) - Reynolds Municipal,USA,JXN
"Jackson,  MN  ",USA,MJQ
Jackson (MS) - Jackson Internationall,USA,JAN
Jackson (MS) - Hawkins Field   ,USA,HKS
Jackson (TN) - Mckellar,USA,MKL
Jackson Hole (WY),USA,JAC
Jacksonville (AR)  Little Rock AFB   ,USA,LRF
Jacksonville (FL) - Cecil Field NAS   ,USA,NZC
Jacksonville (FL) Jacksonville NAS   ,USA,NIP
Jacksonville (FL) - International,USA,JAX
Jacksonville (FL) - Craig Municipal   ,USA,CRG
Jacksonville (IL) - Municipal Airport,USA,IJX
Jacksonville (NC),USA,OAJ
Jacksonville (TX),USA,JKV
Jamestown (ND),USA,JMS
Jamestown (NY),USA,JHW
Janesville (WI) - Rock County,USA,JVL
Jefferson City (MO) - Jefferson Memorial,USA,JEF
Johnson City (NY) - Binghamton/Endicott/Johnson,USA,BGM
Johnston Island,USA,JON
Johnstown (PA),USA,JST
Jonesboro (AR)  Jonesboro Airport,USA,JBR
Joplin (MO),USA,JLN
Juneau (AK) - Juneau International Airport,USA,JNU
Kahului (HI),USA,OGG
Kalamazoo/Battle Creek (MI),USA,AZO
Kalispell (MT),USA,FCA
Kamuela (HI),USA,MUE
Kansas City (MO) - Kansas City International Airport,USA,MCI
Kapalua West (HI),USA,JHM
Kaunakakai (HI),USA,MKK
Kenai (AK),USA,ENA
Ketchikan (AK),USA,KTN
Key West (FL),USA,EYW
Killeem (TX),USA,ILE
King Salomon (AK),USA,AKN
Kingston (NC),USA,ISO
Klamath Fall (OR),USA,LMT
Klawock (AK),USA,KLW
Knoxville (TN),USA,TYS
Kodiak (AK),USA,ADQ
Kona (HI),USA,KOA
Kotzbue (AK),USA,OTZ
Labouchere Bay (AK),USA,WLB
La Crosse (WI),USA,LSE
Lafayette (IN),USA,LAF
"Lafayette, La",USA,LFT
Lake Charles (LA),USA,LCH
Lake Havasu City (AZ),USA,HII
Lake Tahoe (CA),USA,TVL
Lanai City (HI),USA,LNY
Lancaster (PA),USA,LNS
Lansing (MI),USA,LAN
Laramie (WY),USA,LAR
Laredo (TX),USA,LRD
Las Vegas (NV),USA,LAS
Latrobe (PA),USA,LBE
Laurel/Hattisburg (MS),USA,PIB
Lawton (OK),USA,LAW
Lebanon (NH),USA,LEB
Lewiston (ID),USA,LWS
Lewistown (MT),USA,LWT
Lexington (KY),USA,LEX
Lihue (HI),USA,LIH
Lincoln (NE),USA,LNK
Little Rock (AR),USA,LIT
Long Beach (CA),USA,LGB
Long Island (AK),USA,LIJ
"Long Island, Islip (NY) - Mac Arthur",USA,ISP
Longview/Kilgore (TX),USA,GGG
Los Angeles (CA) - International,USA,LAX
Louisville (KY),USA,SDF
Lubbock (TX),USA,LBB
Lynchburg (VA),USA,LYH
Lyons (KS) - Rice County Municipal,USA,LYO
Macon (GA),USA,MCN
Madison (WI),USA,MSN
Manchester (NH),USA,MHT
Marathon (FL),USA,MTH
Marquette (MI),USA,MQT
Martha's Vineyard (MA),USA,MVY
Martinsburg (WV),USA,MRB
Mason City IA,USA,MCW
Mattoon (IL),USA,MTO
McAllen (TX),USA,MFE
Medford (OR),USA,MFR
Melbourne (FL),USA,MLB
Memphis (TN),USA,MEM
Merced (CA),USA,MCE
Meridian (MS),USA,MEI
Metlakatla (AK),USA,MTM
Miami (FL),USA,MIA
Midland/Odessa (TX),USA,MAF
Miles City (MT),USA,MLS
Milwaukee (WI),USA,MKE
Minneapolis - St. Paul International Airport (MN),USA,MSP
Minot (ND),USA,MOT
Missula (MT),USA,MSO
Mitchell (SD),USA,MHE
Mobile (AL) - Pascagoula (MS),USA,MOB
Modesto (CA),USA,MOD
Moline/Quad Cities (IL),USA,MLI
"Monroe, La",USA,MLU
Monterey (CA),USA,MRY
Montgomery (AL),USA,MGM
Montrose/Tellruide (CO),USA,MTJ
Morgantown (WV),USA,MGW
Moses Lake (WA),USA,MWH
Mt. McKinley (AK),USA,MCL
Muscle Shoals (AL),USA,MSL
Muskegon (MI),USA,MKG
Myrtle Beach (SC) - Myrtle Beach AFB,USA,MYR
Myrtle Beach (SC) - Grand Strand Airport,USA,CRE
Nantucket (MA),USA,ACK
Naples (FL),USA,APF
Nashville (TN),USA,BNA
New Bern (NC),USA,EWN
New Haven (CT),USA,HVN
"New Orleans, La",USA,MSY
New York - John F. Kennedy (NY),USA,JFK
New York - LaGuardia (NY),USA,LGA
New York - Newark (NJ),USA,EWR
New York (NY),USA,NYC
Newburgh (NY),USA,SWF
Newport News/Williamsburg (VA),USA,PHF
Niagara Falls International,USA,IAG
Nome (AK),USA,OME
Norfolk/Virginia Beach (VA),USA,ORF
North Bend (OR),USA,OTH
Oakland (CA),USA,OAK
Oklahoma City (OK) - Will Rogers World,USA,OKC
Omaha (NE),USA,OMA
Ontario (CA),USA,ONT
Orange County (Santa Ana) (CA),USA,SNA
Orlando Metropolitan Area (FL),USA,ORL
Orlando - International Airport (FL),USA,MCO
Oshkosh (WI),USA,OSH
Owensboro (KY),USA,OWB
Oxnard (CA),USA,OXR
Paducah (KY),USA,PAH
Page/Lake Powell (AZ),USA,PGA
Pakersburg (WV) /Marietta (OH),USA,PKB
Palmdale/Lancaster (CA),USA,PMD
Palm Springs (CA),USA,PSP
Panama City (FL),USA,PFN
Pasco (WA),USA,PSC
Pellston (MI),USA,PLN
Pendelton (OR),USA,PDT
Pensacola (FL),USA,PNS
Peoria/Bloomington (IL),USA,PIA
Petersburg (AK),USA,PSG
Philadelphia (PA) - International,USA,PHL
Phoenix (AZ) - Sky Harbor International,USA,PHX
Pierre (SD),USA,PIR
Pittsburgh International Airport (PA),USA,PIT
Plattsburgh (NY),USA,PLB
Pocatello (ID),USA,PIH
Port Angeles (WA),USA,CLM
Portland (ME),USA,PWM
Portland International (OR),USA,PDX
Poughkeepsie (NY),USA,POU
Presque Island (ME),USA,PQI
Providence (RI),USA,PVD
Prudhoe Bay (AK),USA,SCC
Pueblo (CO),USA,PUB
Pullman (WA),USA,PUW
Quincy (IL),USA,UIN
Raleigh/Durham (NC),USA,RDU
Rapid City (SD),USA,RAP
Reading (PA),USA,RDG
Redding (CA),USA,RDD
Redmond (OR),USA,RDM
Reno (NV),USA,RNO
Rhinelander (WI),USA,RHI
Richmond (VA),USA,RIC
Roanoke (VA),USA,ROA
Rochester (MN),USA,RST
Rochester (NY),USA,ROC
Rock Springs (WY),USA,RKS
Rockford (IL),USA,RFD
Rockland (ME),USA,RKD
Rocky Mount - Wilson (NC),USA,RWI
Sacramento (CA),USA,SMF
Saginaw/Bay City/Midland (MI),USA,MBS
Salem (OR),USA,SLE
Salinas (CA),USA,SNS
Salisbury (MD),USA,SBY
Salt Lake City (UT),USA,SLC
San Angelo (TX),USA,SJT
San Antonio (TX),USA,SAT
San Diego - Lindberg Field International (CA),USA,SAN
"San Francisco - International Airport, SA",USA,SFO
San Jose (CA),USA,SJC
San Luis Obisco (CA),USA,SBP
Santa Ana - John Wayne Airport (CA),USA,SNA
Santa Barbara (CA),USA,SBA
Santa Maria (CA),USA,SMX
Santa Rosa (CA),USA,STS
Sarasota/Bradenton (FL),USA,SRQ
Savannah (GA),USA,SAV
Scottsdale (AZ),USA,SCF
Seattle/Tacoma (WA),USA,SEA
Shenandoah Valley/Stauton (VA),USA,SHD
Sheridan (WY),USA,SHR
"Shreveport, La",USA,SHV
Sidney (MT),USA,SDY
Sioux City IA,USA,SUX
Sioux Falls (SD),USA,FSD
Sitka (AK),USA,SIT
Skagway (AK),USA,SGY
South Bend (IN),USA,SBN
Spokane (WA),USA,GEG
Springfield (IL),USA,SPI
Springfield (MO),USA,SGF
St. George (UT),USA,SGU
St. Louis (MO) Lambert–St. Louis International Airport,USA,STL
State College/Belefonte (PA),USA,SCE
Steamboat Springs (CO),USA,HDN
Stockton (CA),USA,SCK
Sun Valley (ID),USA,SUN
Syracuse (NY),USA,SYR
Talkeetna (AK),USA,TKA
Tallahassee (FL),USA,TLH
Tampa - International (FL),USA,TPA
Telluride (CO),USA,TEX
Terre Haute (IN),USA,HUF
Texarkana (AR),USA,TXK
Thief River Falls (MN),USA,TVF
Thorne Bay (AK),USA,KTB
Toledo (OH),USA,TOL
Traverse City (MI),USA,TVC
Trenton/Princeton (NJ),USA,TTN
Tri-Cities Regional (TN) /VA,USA,TRI
Tucson (AZ),USA,TUS
Tulepo (MS),USA,TUP
Tulsa (OK),USA,TUL
Tuscaloosa (AL),USA,TCL
Twin Falls (ID),USA,TWF
Tyler (TX),USA,TYR
Ukiah (CA),USA,UKI
Unalakleet (AK),USA,UNK
Upolu Point (HI),USA,UPP
Utica (NY) - Oneida County Airport,USA,UCA
Vail (CO),USA,EGE
Valdez (AK),USA,VDZ
Valdosta (GA),USA,VLD
Vernal (UT),USA,VEL
Vero Beach/Ft. Pierce (FL),USA,VRB
Visalia (CA),USA,VIS
Waco (TX),USA,ACT
Walla Walla (WA),USA,ALW
Washington DC - Baltimore Washington International,USA,BWI
Washington DC - Dulles International,USA,IAD
Washington DC - Ronald Reagan National,USA,DCA
Washington DC,USA,WAS
Waterloo IA,USA,ALO
Watertown (SD),USA,ATY
Wausau/Stevens Point (WI),USA,CWA
Wenatchee (WA),USA,EAT
West Palm Beach (FL),USA,PBI
West Yellowstone (MT),USA,WYS
White Plains (NY),USA,HPN
Wichita Falls (TX),USA,SPS
Wichita (KS),USA,ICT
Wilkes Barre/Scranton (PA),USA,AVP
Williamsport (PA),USA,IPT
Williston (ND),USA,ISL
Wilmington (NC),USA,ILM
Wolf Point (MT),USA,OLF
Worcester (MA),USA,ORH
Worland (WY),USA,WRL
Wrangell (AK),USA,WRG
Yakima (WA),USA,YKM
Yakutat (AK),USA,YAK
Yuma (AZ),USA,YUM
Alexandria - Esler Field,USA (LA),ESF
Samarkand,Uzbekistan,SKD
Tashkent - International,Uzbekistan,TAS
Termez (Termes),Uzbekistan,TMZ
Urgench,Uzbekistan,UGC
Port Vila,Vanuatu,VLI
Santo,Vanuatu,SON
Ulei,Vanuatu,ULB
Barcelona,Venezuela,BLA
Caracas - Simón Bolívar International Airport,Venezuela,CCS
Ciudad Guayana,Venezuela,CGU
Maracaibo - La Chinita,Venezuela,MAR
Margerita,Venezuela,PMV
Puerto Ordaz,Venezuela,PZO
Uriman,Venezuela,URM
Valencia,Venezuela,VLN
Ho Chi Minh City (Saigon) - Tan Son Nhat International,Viet Nam,SGN
Hue - Phu Bai,Viet Nam,HUI
Saigon (Ho Chi Minh City),Viet Nam,SGN
Hanoi - Noi Bai International Airport,Vietnam,HAN
Beef Island - Terrance B. Lettsome,Virgin Islands (British),EIS
Virgin Gorda,Virgin Islands (British),VIJ
St. Croix,Virgin Islands (U.S.),STX
St. Thomas,Virgin Islands (U.S.),STT
Futuna,Wallis and Futuna Islands,FUT
Wallis,Wallis and Futuna Islands,WLS
Urumqi,"Xinjiang, PR China",URC
Aden - Aden International Airport,Yemen,ADE
Sanaa (Sana'a) - Sana'a International,Yemen,SAH
Luxi - Mangshi,"Yunnan, PR China",LUM
Chipata,Zambia,CIP
Kitwe,Zambia,KIW
Lusaka - Lusaka International Airport,Zambia,LUN
Mfuwe,Zambia,MFU
N'Dola,Zambia,NLA
Hangchow (Hangzhou),"Zhejiang, PR China",HGH
Buffalo Range,Zimbabwe,BFO
Bulawayo,Zimbabwe,BUQ
Gweru,Zimbabwe,GWE
Harare - Harare International Airport,Zimbabwe,HRE
Hwange National Park,Zimbabwe,HWN
Masvingo,Zimbabwe,MVZ
Salisbury,Zimbabwe,SAY
Victoria Falls,Zimbabwe,VFA
